--
-- PostgreSQL database dump
--

\restrict pL0iJMNwQ55IVaGKv0ERffhdsf3aq3MlII7SIZgwfxC2d5DpleWPc0zL6gVxMLH

-- Dumped from database version 18.2
-- Dumped by pg_dump version 18.2

SET statement_timeout = 0;
SET lock_timeout = 0;
SET idle_in_transaction_session_timeout = 0;
SET transaction_timeout = 0;
SET client_encoding = 'UTF8';
SET standard_conforming_strings = on;
SELECT pg_catalog.set_config('search_path', '', false);
SET check_function_bodies = false;
SET xmloption = content;
SET client_min_messages = warning;
SET row_security = off;

SET default_tablespace = '';

SET default_table_access_method = heap;

--
-- Name: asistencia; Type: TABLE; Schema: public; Owner: postgres
--

CREATE TABLE public.asistencia (
    id integer NOT NULL,
    empleado_evento_id integer,
    hora_entrada timestamp without time zone,
    hora_salida timestamp without time zone,
    empleado_id integer,
    eventos_id integer,
    tipo character varying(255),
    latitud_registro character varying(255),
    longitud_registro character varying(255),
    horario_id integer,
    salida_almuerzo timestamp without time zone,
    regreso_almuerzo timestamp without time zone,
    tardanza boolean DEFAULT false,
    salida_anticipada boolean DEFAULT false,
    motivo_salida_anticipada text,
    salida_tardia boolean DEFAULT false,
    incompleta boolean DEFAULT false
);


ALTER TABLE public.asistencia OWNER TO postgres;

--
-- Name: asistencia_id_seq; Type: SEQUENCE; Schema: public; Owner: postgres
--

ALTER TABLE public.asistencia ALTER COLUMN id ADD GENERATED BY DEFAULT AS IDENTITY (
    SEQUENCE NAME public.asistencia_id_seq
    START WITH 1
    INCREMENT BY 1
    NO MINVALUE
    NO MAXVALUE
    CACHE 1
);


--
-- Name: cargos; Type: TABLE; Schema: public; Owner: postgres
--

CREATE TABLE public.cargos (
    id integer NOT NULL,
    descripcion character varying(255)
);


ALTER TABLE public.cargos OWNER TO postgres;

--
-- Name: cargos_id_seq; Type: SEQUENCE; Schema: public; Owner: postgres
--

ALTER TABLE public.cargos ALTER COLUMN id ADD GENERATED BY DEFAULT AS IDENTITY (
    SEQUENCE NAME public.cargos_id_seq
    START WITH 1
    INCREMENT BY 1
    NO MINVALUE
    NO MAXVALUE
    CACHE 1
);


--
-- Name: empleado_eventos; Type: TABLE; Schema: public; Owner: postgres
--

CREATE TABLE public.empleado_eventos (
    id integer NOT NULL,
    evento_id integer,
    empleado_id integer
);


ALTER TABLE public.empleado_eventos OWNER TO postgres;

--
-- Name: empleado_eventos_id_seq; Type: SEQUENCE; Schema: public; Owner: postgres
--

ALTER TABLE public.empleado_eventos ALTER COLUMN id ADD GENERATED BY DEFAULT AS IDENTITY (
    SEQUENCE NAME public.empleado_eventos_id_seq
    START WITH 1
    INCREMENT BY 1
    NO MINVALUE
    NO MAXVALUE
    CACHE 1
);


--
-- Name: empleado_grupos_id_seq; Type: SEQUENCE; Schema: public; Owner: postgres
--

CREATE SEQUENCE public.empleado_grupos_id_seq
    START WITH 1
    INCREMENT BY 1
    NO MINVALUE
    NO MAXVALUE
    CACHE 1;


ALTER SEQUENCE public.empleado_grupos_id_seq OWNER TO postgres;

--
-- Name: empleado_grupos; Type: TABLE; Schema: public; Owner: postgres
--

CREATE TABLE public.empleado_grupos (
    id integer DEFAULT nextval('public.empleado_grupos_id_seq'::regclass) CONSTRAINT empleado_grupo_id_not_null NOT NULL,
    empleado_id integer CONSTRAINT empleado_grupo_empleado_id_not_null NOT NULL,
    grupo_id integer CONSTRAINT empleado_grupo_grupo_id_not_null NOT NULL
);


ALTER TABLE public.empleado_grupos OWNER TO postgres;

--
-- Name: empleado_horario; Type: TABLE; Schema: public; Owner: postgres
--

CREATE TABLE public.empleado_horario (
    id integer NOT NULL,
    empleado_id integer NOT NULL,
    horario_id integer NOT NULL
);


ALTER TABLE public.empleado_horario OWNER TO postgres;

--
-- Name: empleado_horario_id_seq; Type: SEQUENCE; Schema: public; Owner: postgres
--

CREATE SEQUENCE public.empleado_horario_id_seq
    START WITH 1
    INCREMENT BY 1
    NO MINVALUE
    NO MAXVALUE
    CACHE 1;


ALTER SEQUENCE public.empleado_horario_id_seq OWNER TO postgres;

--
-- Name: empleado_horario_id_seq; Type: SEQUENCE OWNED BY; Schema: public; Owner: postgres
--

ALTER SEQUENCE public.empleado_horario_id_seq OWNED BY public.empleado_horario.id;


--
-- Name: empleados; Type: TABLE; Schema: public; Owner: postgres
--

CREATE TABLE public.empleados (
    id integer NOT NULL,
    cedula character varying(10),
    nombre character varying(255),
    apellido character varying(255),
    email character varying(255),
    password_hash character varying(255),
    rol_id integer,
    cargo_id integer,
    device_token character varying(255),
    create_at date,
    lugar_id integer
);


ALTER TABLE public.empleados OWNER TO postgres;

--
-- Name: empleados_id_seq; Type: SEQUENCE; Schema: public; Owner: postgres
--

ALTER TABLE public.empleados ALTER COLUMN id ADD GENERATED BY DEFAULT AS IDENTITY (
    SEQUENCE NAME public.empleados_id_seq
    START WITH 1
    INCREMENT BY 1
    NO MINVALUE
    NO MAXVALUE
    CACHE 1
);


--
-- Name: eventos; Type: TABLE; Schema: public; Owner: postgres
--

CREATE TABLE public.eventos (
    id integer NOT NULL,
    titulo character varying(255),
    descripcion character varying(255),
    fecha date,
    hora time without time zone,
    lugar_id integer
);


ALTER TABLE public.eventos OWNER TO postgres;

--
-- Name: eventos_id_seq; Type: SEQUENCE; Schema: public; Owner: postgres
--

ALTER TABLE public.eventos ALTER COLUMN id ADD GENERATED BY DEFAULT AS IDENTITY (
    SEQUENCE NAME public.eventos_id_seq
    START WITH 1
    INCREMENT BY 1
    NO MINVALUE
    NO MAXVALUE
    CACHE 1
);


--
-- Name: grupos_id_seq; Type: SEQUENCE; Schema: public; Owner: postgres
--

CREATE SEQUENCE public.grupos_id_seq
    START WITH 1
    INCREMENT BY 1
    NO MINVALUE
    NO MAXVALUE
    CACHE 1;


ALTER SEQUENCE public.grupos_id_seq OWNER TO postgres;

--
-- Name: grupos; Type: TABLE; Schema: public; Owner: postgres
--

CREATE TABLE public.grupos (
    id integer DEFAULT nextval('public.grupos_id_seq'::regclass) NOT NULL,
    nombre character varying(100),
    descripcion character varying(100),
    estado boolean DEFAULT true
);


ALTER TABLE public.grupos OWNER TO postgres;

--
-- Name: horarios; Type: TABLE; Schema: public; Owner: postgres
--

CREATE TABLE public.horarios (
    id integer CONSTRAINT "Horarios_id_not_null" NOT NULL,
    nombre character varying(20) CONSTRAINT "Horarios_nombre        _not_null" NOT NULL,
    hora_inicio time without time zone CONSTRAINT "Horarios_hora_entrada  _not_null" NOT NULL,
    hora_fin time without time zone CONSTRAINT "Horarios_hora_salida_not_null" NOT NULL,
    inicio_almuerzo time without time zone,
    fin_almuerzo time without time zone
);


ALTER TABLE public.horarios OWNER TO postgres;

--
-- Name: horarios_id_seq; Type: SEQUENCE; Schema: public; Owner: postgres
--

CREATE SEQUENCE public.horarios_id_seq
    START WITH 1
    INCREMENT BY 1
    NO MINVALUE
    NO MAXVALUE
    CACHE 1;


ALTER SEQUENCE public.horarios_id_seq OWNER TO postgres;

--
-- Name: horarios_id_seq; Type: SEQUENCE OWNED BY; Schema: public; Owner: postgres
--

ALTER SEQUENCE public.horarios_id_seq OWNED BY public.horarios.id;


--
-- Name: lugares; Type: TABLE; Schema: public; Owner: postgres
--

CREATE TABLE public.lugares (
    id integer NOT NULL,
    nombre character varying(255),
    direccion character varying(255),
    latitud character varying(255),
    longitud character varying(255),
    radio integer
);


ALTER TABLE public.lugares OWNER TO postgres;

--
-- Name: lugares_id_seq; Type: SEQUENCE; Schema: public; Owner: postgres
--

ALTER TABLE public.lugares ALTER COLUMN id ADD GENERATED BY DEFAULT AS IDENTITY (
    SEQUENCE NAME public.lugares_id_seq
    START WITH 1
    INCREMENT BY 1
    NO MINVALUE
    NO MAXVALUE
    CACHE 1
);


--
-- Name: notificacion_empleado; Type: TABLE; Schema: public; Owner: postgres
--

CREATE TABLE public.notificacion_empleado (
    id integer NOT NULL,
    empleado_id integer,
    notificacion_id integer,
    estado character varying(255)
);


ALTER TABLE public.notificacion_empleado OWNER TO postgres;

--
-- Name: notificacion_empleado_id_seq; Type: SEQUENCE; Schema: public; Owner: postgres
--

ALTER TABLE public.notificacion_empleado ALTER COLUMN id ADD GENERATED BY DEFAULT AS IDENTITY (
    SEQUENCE NAME public.notificacion_empleado_id_seq
    START WITH 1
    INCREMENT BY 1
    NO MINVALUE
    NO MAXVALUE
    CACHE 1
);


--
-- Name: notificaciones; Type: TABLE; Schema: public; Owner: postgres
--

CREATE TABLE public.notificaciones (
    id integer NOT NULL,
    titulo character varying(255),
    mensaje character varying(255),
    fecha_envio timestamp without time zone
);


ALTER TABLE public.notificaciones OWNER TO postgres;

--
-- Name: notificaciones_id_seq; Type: SEQUENCE; Schema: public; Owner: postgres
--

ALTER TABLE public.notificaciones ALTER COLUMN id ADD GENERATED BY DEFAULT AS IDENTITY (
    SEQUENCE NAME public.notificaciones_id_seq
    START WITH 1
    INCREMENT BY 1
    NO MINVALUE
    NO MAXVALUE
    CACHE 1
);


--
-- Name: roles; Type: TABLE; Schema: public; Owner: postgres
--

CREATE TABLE public.roles (
    id integer NOT NULL,
    descripcion character varying(255)
);


ALTER TABLE public.roles OWNER TO postgres;

--
-- Name: roles_id_seq; Type: SEQUENCE; Schema: public; Owner: postgres
--

ALTER TABLE public.roles ALTER COLUMN id ADD GENERATED BY DEFAULT AS IDENTITY (
    SEQUENCE NAME public.roles_id_seq
    START WITH 1
    INCREMENT BY 1
    NO MINVALUE
    NO MAXVALUE
    CACHE 1
);


--
-- Name: empleado_horario id; Type: DEFAULT; Schema: public; Owner: postgres
--

ALTER TABLE ONLY public.empleado_horario ALTER COLUMN id SET DEFAULT nextval('public.empleado_horario_id_seq'::regclass);


--
-- Name: horarios id; Type: DEFAULT; Schema: public; Owner: postgres
--

ALTER TABLE ONLY public.horarios ALTER COLUMN id SET DEFAULT nextval('public.horarios_id_seq'::regclass);


--
-- Data for Name: asistencia; Type: TABLE DATA; Schema: public; Owner: postgres
--

COPY public.asistencia (id, empleado_evento_id, hora_entrada, hora_salida, empleado_id, eventos_id, tipo, latitud_registro, longitud_registro, horario_id, salida_almuerzo, regreso_almuerzo, tardanza, salida_anticipada, motivo_salida_anticipada, salida_tardia, incompleta) FROM stdin;
63	\N	2026-02-26 21:52:30.797	2026-02-26 21:52:48.703	14	\N	diaria	1.088106	-78.9920588	2	\N	\N	t	t	al pueblo	f	f
48	\N	2026-02-25 10:01:24.525	2026-02-25 10:02:27.766	14	\N	diaria	1.0880821	-78.9920673	\N	\N	\N	f	f	\N	f	f
26	5	2026-02-01 08:00:00	2026-02-01 16:00:00	10	2	diaria	-0.229850	-78.524950	\N	\N	\N	f	f	\N	f	f
27	7	2026-02-03 08:00:00	2026-02-03 16:00:00	10	2	diaria	-0.230100	-78.525100	\N	\N	\N	f	f	\N	f	f
28	8	2026-02-04 08:00:00	2026-02-04 16:00:00	10	2	diaria	-0.229900	-78.524800	\N	\N	\N	f	f	\N	f	f
29	9	2026-02-05 08:00:00	2026-02-05 16:00:00	6	2	diaria	-0.230200	-78.525300	\N	\N	\N	f	f	\N	f	f
30	10	2026-02-06 08:00:00	2026-02-06 16:00:00	14	9	evento	-1.0880770	-78.9919725	\N	\N	\N	f	f	\N	f	f
31	10	2026-02-07 08:00:00	2026-02-07 16:00:00	14	9	evento	1.0880836	-78.9920579	\N	\N	\N	f	f	\N	f	f
32	10	2026-02-10 08:00:00	2026-02-10 16:00:00	14	9	evento	1.0880831	-78.9920573	\N	\N	\N	f	f	\N	f	f
33	11	2026-02-11 08:00:00	2026-02-11 16:00:00	14	10	evento	1.0880881	-78.9920152	\N	\N	\N	f	f	\N	f	f
34	12	2026-02-12 08:00:00	2026-02-12 16:00:00	14	11	evento	1.0880953	-78.9920118	\N	\N	\N	f	f	\N	f	f
35	13	2026-02-13 08:00:00	2026-02-13 16:00:00	14	12	evento	1.088089	-78.9920182	\N	\N	\N	f	f	\N	f	f
36	15	2026-02-14 08:00:00	2026-02-14 16:00:00	14	13	evento	1.0880868	-78.9920083	\N	\N	\N	f	f	\N	f	f
37	\N	2026-02-17 08:00:00	2026-02-17 16:00:00	14	\N	diaria	1.0880887	-78.9920094	\N	\N	\N	f	f	\N	f	f
38	14	2026-02-18 08:00:00	2026-02-18 16:00:00	14	14	evento	1.0880773	-78.9920585	\N	\N	\N	f	f	\N	f	f
39	\N	2026-02-19 08:00:00	2026-02-19 16:00:00	14	\N	diaria	1.0880881	-78.992012	\N	\N	\N	f	f	\N	f	f
40	\N	2026-02-20 08:00:00	2026-02-20 16:00:00	14	\N	diaria	1.0880896	-78.9920085	\N	\N	\N	f	f	\N	f	f
41	\N	2026-02-21 08:00:00	2026-02-21 16:00:00	14	\N	diaria	1.0880873	-78.9920176	\N	\N	\N	f	f	\N	f	f
42	16	2026-02-22 08:00:00	2026-02-22 16:00:00	14	15	evento	1.0880941	-78.9920088	\N	\N	\N	f	f	\N	f	f
43	17	2026-02-10 09:00:00	2026-02-10 17:00:00	14	16	evento	1.0880931	-78.9920052	\N	\N	\N	f	f	\N	f	f
44	\N	2026-02-14 09:00:00	2026-02-14 17:00:00	14	\N	diaria	1.0880887	-78.9920156	\N	\N	\N	f	f	\N	f	f
57	\N	2026-02-26 14:21:55.993	2026-02-26 14:23:12.673	14	\N	diaria	1.0880985	-78.9920505	2	2026-02-26 14:23:02.257	2026-02-26 14:23:04.367	t	t	asdhsakdsaddsad	f	f
58	\N	2026-02-26 21:26:13.713	2026-02-26 21:26:45.484	14	\N	diaria	1.0880821	-78.9920682	2	2026-02-26 21:26:27.175	2026-02-26 21:26:29.148	t	t	cita medica	f	f
59	\N	2026-02-26 21:26:47.594	2026-02-26 21:27:24.169	14	\N	diaria	1.0880493	-78.9920175	2	2026-02-26 21:26:56.899	2026-02-26 21:27:16.087	t	t	uturur7	f	f
60	\N	2026-02-26 21:32:30.069	2026-02-26 21:33:26.756	14	\N	diaria	1.0880913	-78.9920194	2	\N	\N	t	t	salida de energencia	f	f
61	\N	2026-02-26 21:34:53.913	2026-02-26 21:51:45.667	14	\N	diaria	1.0880834	-78.9920142	2	\N	\N	t	t	cita medica	f	f
62	\N	2026-02-26 21:52:09.238	2026-02-26 21:52:23.841	14	\N	diaria	1.0881009	-78.9920715	2	\N	\N	t	t	cita medica	f	f
\.


--
-- Data for Name: cargos; Type: TABLE DATA; Schema: public; Owner: postgres
--

COPY public.cargos (id, descripcion) FROM stdin;
1	Desarrollador
2	Recursos Humanos
3	Operador
4	Supervisor
6	sada
7	asdsa
8	dasd
10	eqw
11	Subdirectores
\.


--
-- Data for Name: empleado_eventos; Type: TABLE DATA; Schema: public; Owner: postgres
--

COPY public.empleado_eventos (id, evento_id, empleado_id) FROM stdin;
5	2	10
7	2	10
8	2	10
9	2	6
10	9	14
11	10	14
12	11	14
13	12	14
14	14	14
15	13	14
16	15	14
17	16	14
28	17	14
29	17	14
31	17	14
33	19	24
34	2	14
35	6	6
36	6	7
37	6	20
38	6	11
\.


--
-- Data for Name: empleado_grupos; Type: TABLE DATA; Schema: public; Owner: postgres
--

COPY public.empleado_grupos (id, empleado_id, grupo_id) FROM stdin;
1	6	2
2	20	2
3	11	2
4	7	2
5	8	3
7	14	4
\.


--
-- Data for Name: empleado_horario; Type: TABLE DATA; Schema: public; Owner: postgres
--

COPY public.empleado_horario (id, empleado_id, horario_id) FROM stdin;
2	24	2
1	14	2
\.


--
-- Data for Name: empleados; Type: TABLE DATA; Schema: public; Owner: postgres
--

COPY public.empleados (id, cedula, nombre, apellido, email, password_hash, rol_id, cargo_id, device_token, create_at, lugar_id) FROM stdin;
14	0803793218	Oliver	Pérez	juan.perez@gmail.com	$2a$10$tbAzeQ8RmmL2iqVulvgN4e9GWeTiOLtflSIm5iKtiHcp3CwC.4T/q	2	1	dX-fy8BrTj2jPVLvlePvFV:APA91bHikOKBeRq_vwJ5PMMIfp5A5-0Cz2vGg6iWKE2rkFObzmPifwcn8c8v8vtA4jBzL4dllwAj0oprIyXI6MmZgZGTflKnl2kstXIpNeZGcCjMgwEZ31Q	2026-02-23	5
15	0101010102	wqeqwe	qwewq	qwewq@gmaul.com	$2a$10$32oMIZpoLUV/WGgbASzFTO8lF8LyXTurQo.WFa5O61LY/gtreXWLC	1	11	\N	2026-02-23	3
22	2133143244	SADASDSA	ASDSAD	SADSAD@SADSA.CPM	$2a$10$kZfFDUAKX5J4PzTtlyDfOu3VC8nJ//wbFwqhOdUxBJqbj07tUwhm.	1	8	\N	2026-02-24	1
6	1001001001	Carlos	Ramírez	carlos.ramirez@empresa.com	$2b$10$7QJp9kZl8XnR6mV3cT2yUO9v8Wq1pR4tS6uXyZ0aBcDeFgHiJkLmN	1	1	\N	2026-02-22	1
7	1001001002	María	Gómez	maria.gomez@empresa.com	$2b$10$LmNoPqRsTuVwXyZaBcDeFgHiJk1234567890qrstuvwxyzABCDE	2	2	\N	2026-02-22	1
8	1001001003	Luis	Fernández	luis.fernandez@empresa.com	$2b$10$AbCdEfGhIjKlMnOpQrStUvWxYz1234567890abcdefghijklmnOP	2	3	\N	2026-02-22	1
9	1001001004	Andrea	Martínez	andrea.martinez@empresa.com	$2b$10$ZyXwVuTsRqPoNmLkJiHgFeDcBa0987654321mnopqrstuvwxYZ	1	2	\N	2026-02-22	3
10	1001001005	Jorge	López	jorge.lopez@empresa.com	$2b$10$N9qo8uLOickgx2ZMRZo5i.ej5k8mR5j7Xy5n9uRkZ2PpQm6kFQW6G	2	1	\N	2026-02-22	3
11	1234567890	Juan	Pérez	juan.perez@gmail.com	\N	1	1	\N	2026-02-23	3
12	0803793215	Oliver	Zamora	oliverzafa05@gmail.com	\N	1	1	dpFi5JdlTE-CSFcTRL-xfI:APA91bHx3A82aVSIy6Y1ZuxGNQxfaz0FPadP96qJ6QwQweb9CPXjDGIki-n4fVMrAKK85O-wUyxd2jnhgYh8t6z7Y7QTgUtJ14Aknl9Sse46SIRnpPuk3_s	2026-02-23	3
13	0803793216	Oliver	Zamora	juan.perez@gmail.com	$2a$10$DZ9qUHAUGTO96wGsji62GOi6GavnbL1PRP5KVguqY/M9saw2gR/ry	1	1	cm-P_6HkQEmzoWuPU8TnE-:APA91bE6cMijQVMNHq7_IIhzu5X0dXntIFwUaO48JgiX4nz10X2i9YUH2ApBoE-ckFpPNJLiKMowPDv5gP6-3d3yRkeMfp8_Ai6UnsO4D8HRJ5lViPoQz7U	2026-02-23	3
16	0803793214	wewq	qwewq	qwe@fadf	$2a$10$2IOAITJ.v.XHQFjjUyUthuKjobwrW78XJuGRXV2DpqERtk4i8ujF.	2	1	\N	2026-02-23	1
23	2132131231	asdsa	dsasad	qweqwe@dasd.com	$2a$10$yNoaaQjvg.KcVXTOS0NY2eabXVOVCMQfouBxv/1Wn0NaQjJp5qaDa	2	8	\N	2026-02-24	1
18	1343242345	1321321	312213	12323@eewq	$2a$10$qqTghC9uPvOyaOxRd7r1OO4/6HXyvmusc3J2VfyeCxd/tkg3ysHJi	8	7	\N	2026-02-23	3
17	0803793323	prueba	sad	asdsa@sda	$2a$10$QVGf/butDLKzmGcLau8wTOlW5IcwwBxKerhqxgGki.qkAAOLSYd8y	2	1	\N	2026-02-23	1
19	fsfdds	fdsf	fsdf	werwer@sdsa	$2a$10$Hqk5MWFTiCOBD1469IEUsuvvJpqpOYlytzljuNL/9s5si15cRXOt6	2	1	\N	2026-02-23	1
20	sa	SA	aS	SA@sa	$2a$10$nr.Vzca38C4uQyY25AVfK.SFaistpOQRStE1qf00LWQTbtMymNInK	2	7	\N	2026-02-23	1
21	1234567891	ddasd	asdsad	dasds@dsadas	$2a$10$DuHJdzbZ5wm8iQNCJGCHW.Cwc7rxXzg3xOuPG7RIzGAmLQHF6bG92	1	2	\N	2026-02-23	1
25	0803793213	asdasdsad	asdasd	asdasasd@asdsad.com	$2a$10$jqAilyCjZa8qFbXdEBFn..wSApRAbP46km9Hu.VZD6mW8W9XPeOEu	2	11	\N	2026-02-26	5
24	0402092167	Carlos	Pozo	carlos@gmail.com	$2a$10$/knXmlCL6ksGdxussPXxZuLsUqIbHqksG//Fb4g3.SM7nQIB.M2fi	2	1	fbpxvx16Rz-0JL7NVREd9o:APA91bG00e1mrTNOzFTBuIwqjFMypy52y4HmmVOmTdIlXQDjNwwpRJ1V9gyozJyrybN7_Lze1hZtdskMKjPCh_6CDz5qXQHTjjrLzwyW2aBYkwu2RCDgRmw	2026-02-25	4
\.


--
-- Data for Name: eventos; Type: TABLE DATA; Schema: public; Owner: postgres
--

COPY public.eventos (id, titulo, descripcion, fecha, hora, lugar_id) FROM stdin;
6	aS	As	2026-02-27	10:20:00	1
7	sA	AS	2026-02-24	08:18:00	1
2	tesis	asdasd	2026-02-03	07:49:00	1
4	asd	sadsa	2026-02-27	06:10:00	1
8	ssa	As	2026-02-25	09:10:00	1
5	ads	asdsa	2026-02-09	07:14:00	1
9	Prueba borbon	adsasd	2026-02-23	07:32:00	5
10	prueba 2	asdasd	2026-02-23	23:00:00	5
11	evento3	aasdsad	2026-02-24	01:25:00	5
12	prueba 4	dasd	2026-02-24	23:25:00	5
14	prueba 7	sda	2026-02-24	00:13:00	5
13	prueba 5	adsad	2026-02-24	00:00:00	5
15	prueba10	sadsa	2026-02-24	00:30:00	5
16	prueba 11	asdsa	2026-02-24	00:45:00	5
17	prueba 12	adas	2026-02-27	07:40:00	5
18	prueba 13	asdsad	2026-02-17	02:18:00	1
19	prueba 19	sdads	2026-02-17	05:22:00	5
\.


--
-- Data for Name: grupos; Type: TABLE DATA; Schema: public; Owner: postgres
--

COPY public.grupos (id, nombre, descripcion, estado) FROM stdin;
2	sASa	aSAs	t
3	jgbnmb	\N	t
4	prueba	asdsad	t
\.


--
-- Data for Name: horarios; Type: TABLE DATA; Schema: public; Owner: postgres
--

COPY public.horarios (id, nombre, hora_inicio, hora_fin, inicio_almuerzo, fin_almuerzo) FROM stdin;
3	Matutuna	07:00:00	13:00:00	\N	\N
4	Nocturna	21:00:00	00:00:00	\N	\N
5	Vespertino	14:00:00	17:00:00	\N	\N
6	prueba	01:23:00	02:30:00	\N	\N
2	Completa	07:05:00	23:00:00	13:00:00	14:00:00
\.


--
-- Data for Name: lugares; Type: TABLE DATA; Schema: public; Owner: postgres
--

COPY public.lugares (id, nombre, direccion, latitud, longitud, radio) FROM stdin;
1	Parque Mdio	Av. Principal 123, Centro	-0.2298500	-78.5249500	50
3	Casa Bar	Casa Bar, Vía Interoceánica, Guápulo, Itchimbia, Quito, Pichincha, 170515, Ecuador	-0.188484	-78.463544	10
4	Sotomayor	Sotomayor, Bellavista, Iñaquito, Quito, Pichincha, 170504, Ecuador	-0.187111	-78.468694	10
5	Borbon	Borbon	1.088090	-78.992009	30
\.


--
-- Data for Name: notificacion_empleado; Type: TABLE DATA; Schema: public; Owner: postgres
--

COPY public.notificacion_empleado (id, empleado_id, notificacion_id, estado) FROM stdin;
48	14	45	archivado
50	14	47	archivado
49	14	46	archivado
52	14	49	archivado
53	14	50	archivado
54	14	51	archivado
51	14	48	archivado
55	14	52	archivado
58	14	55	archivado
57	14	54	archivado
56	14	53	archivado
59	14	56	archivado
60	14	57	archivado
61	14	58	archivado
37	14	34	archivado
62	14	59	archivado
38	14	35	archivado
63	14	60	archivado
39	14	36	archivado
40	14	37	archivado
67	14	64	archivado
66	14	63	archivado
65	14	62	archivado
42	14	39	archivado
43	14	40	archivado
44	14	41	archivado
45	14	42	archivado
46	14	43	archivado
47	14	44	archivado
41	14	38	archivado
64	14	61	archivado
68	14	65	archivado
69	14	66	archivado
70	14	67	archivado
73	14	70	archivado
72	14	69	archivado
71	14	68	archivado
74	14	71	archivado
75	14	72	archivado
76	14	73	archivado
77	14	74	archivado
78	14	75	archivado
79	14	76	archivado
80	14	77	archivado
86	24	83	enviado
81	14	78	archivado
87	14	84	archivado
88	14	85	archivado
89	14	86	archivado
90	14	87	archivado
82	24	79	recibido
84	24	81	recibido
83	24	80	recibido
85	24	82	recibido
91	14	88	enviado
92	14	89	enviado
93	14	90	enviado
94	14	91	enviado
\.


--
-- Data for Name: notificaciones; Type: TABLE DATA; Schema: public; Owner: postgres
--

COPY public.notificaciones (id, titulo, mensaje, fecha_envio) FROM stdin;
34	prueba	asd	2026-02-24 00:00:00
35	prueba	asd	2026-02-24 00:00:00
36	prueba	asd	2026-02-24 00:00:00
37	fgjhgf	fhjhf	2026-02-24 00:00:00
38	📅 Nueva asignación de evento	Hola Oliver Pérez, has sido asignado al evento "prueba 11". ¡Revisa los detalles en la aplicación!	2026-02-24 00:00:00
39	❌ Asignación eliminada	Hola Oliver Pérez, tu asignación al evento "prueba 11" ha sido eliminada.	2026-02-24 00:00:00
40	❌ Asignación eliminada	Hola Oliver Pérez, tu asignación al evento "prueba 12" ha sido eliminada.	2026-02-24 00:00:00
41	❌ Asignación eliminada	Hola Oliver Pérez, tu asignación al evento "prueba 12" ha sido eliminada.	2026-02-24 00:00:00
42	❌ Asignación eliminada	Hola Oliver Pérez, tu asignación al evento "prueba 12" ha sido eliminada.	2026-02-24 00:00:00
43	❌ Asignación eliminada	Hola Oliver Pérez, tu asignación al evento "prueba 12" ha sido eliminada.	2026-02-24 00:00:00
44	❌ Asignación eliminada	Hola Oliver Pérez, tu asignación al evento "prueba 12" ha sido eliminada.	2026-02-24 00:00:00
45	📅 Nueva asignación de evento	Hola Oliver Pérez, has sido asignado al evento "prueba 12". ¡Revisa los detalles en la aplicación!	2026-02-24 00:00:00
46	📅 Nueva asignación de evento	Hola Oliver Pérez, has sido asignado al evento "prueba 12". ¡Revisa los detalles en la aplicación!	2026-02-24 00:00:00
47	❌ Asignación eliminada	Hola Oliver Pérez, tu asignación al evento "prueba 12" ha sido eliminada.	2026-02-24 00:00:00
48	📅 Nueva asignación de evento	Hola Oliver Pérez, has sido asignado al evento "prueba 12". ¡Revisa los detalles en la aplicación!	2026-02-24 00:00:00
49	❌ Asignación eliminada	Hola Oliver Pérez, tu asignación al evento "prueba 12" ha sido eliminada.	2026-02-24 00:00:00
50	📅 Nueva asignación de evento	Hola Oliver Pérez, has sido asignado al evento "prueba 12". ¡Revisa los detalles en la aplicación!	2026-02-24 00:00:00
51	📅 Nueva asignación de evento	Hola Oliver Pérez, has sido asignado al evento "prueba 12". ¡Revisa los detalles en la aplicación!	2026-02-24 00:00:00
52	📅 Nueva asignación de evento	Hola Oliver Pérez, has sido asignado al evento "prueba 12". ¡Revisa los detalles en la aplicación!	2026-02-24 21:01:34.575
53	❌ Asignación eliminada	Hola Oliver Pérez, tu asignación al evento "prueba 12" ha sido eliminada.	2026-02-24 21:10:31.64
54	erewer	werwe	2026-02-25 01:36:29.852
55	erewer	werwe	2026-02-25 01:36:45.621
56	weq	qwe	2026-02-25 01:55:17.755
57	weq	qwe	2026-02-25 02:22:21
58	weq	qwe	2026-02-25 02:31:26
59	weq	qwe	2026-02-25 02:32:09
60	sAS	sAS	2026-02-25 02:36:14
61	EDSA	ASDSA	2026-02-24 21:41:42
62	📅 Nueva asignación de evento	Hola Oliver Pérez, has sido asignado al evento "prueba 12". ¡Revisa los detalles en la aplicación!	2026-02-24 21:45:00
63	dqwe	qwewq	2026-02-24 23:45:26
64	123	123	2026-02-24 23:46:05
65	eqwe	wqewq	2026-02-25 01:58:19
66	eqwe	wqewq	2026-02-25 01:58:25
67	eqwe	wqewq	2026-02-25 02:00:55
68	qwe	qwewq	2026-02-25 02:26:05
69	qwe	qwewq	2026-02-25 02:38:51
70	eqew	qweqwe	2026-02-25 10:03:35
71	📅 Nueva asignación de evento	Hola Oliver Pérez, has sido asignado al evento "prueba 19". ¡Revisa los detalles en la aplicación!	2026-02-25 10:04:26
72	❌ Asignación eliminada	Hola Oliver Pérez, tu asignación al evento "prueba 19" ha sido eliminada.	2026-02-25 10:05:11
73	asdasdsa	sdasdsadas	2026-02-25 10:09:40
74	ghjgh	fhhg	2026-02-25 14:50:38
75	eqweqw	qweqw	2026-02-25 20:35:54
76	asdsa	asdsa	2026-02-25 21:25:46
77	gjhgj	klhjl	2026-02-25 21:29:39
78	qeqweqw	dsadasd	2026-02-25 21:41:38
79	Que funcione tu huevada	Si no valio kk	2026-02-25 21:50:27
80	Que funcione tu huevada	Si no valio kk	2026-02-25 21:51:17
81	Que funcione tu huevada	Si no valio kk	2026-02-25 21:51:20
82	Que funcione tu huevada	Si no valio kk	2026-02-25 21:51:23
83	📅 Nueva asignación de evento	Hola Carlos Pozo, has sido asignado al evento "prueba 19". ¡Revisa los detalles en la aplicación!	2026-02-25 21:53:47
84	dsadsa	sadsadsd	2026-02-25 22:14:54
85	dsadsa	sadsadsd	2026-02-25 22:15:45
86	dsadsa	sadsadsd	2026-02-25 22:16:11
87	📅 Nueva asignación de evento	Hola Oliver Pérez, has sido asignado al evento "tesis". ¡Revisa los detalles en la aplicación!	2026-02-25 22:17:07
88	ffdsa	asdsad	2026-02-27 01:12:41
89	adasd	sadsa	2026-02-27 01:15:17
90	adasd	sadsa	2026-02-27 01:15:53
91	asdsa	asdsad	2026-02-27 01:16:22
\.


--
-- Data for Name: roles; Type: TABLE DATA; Schema: public; Owner: postgres
--

COPY public.roles (id, descripcion) FROM stdin;
2	Empleado
8	asds
1	Admin
9	ads
10	sa
\.


--
-- Name: asistencia_id_seq; Type: SEQUENCE SET; Schema: public; Owner: postgres
--

SELECT pg_catalog.setval('public.asistencia_id_seq', 63, true);


--
-- Name: cargos_id_seq; Type: SEQUENCE SET; Schema: public; Owner: postgres
--

SELECT pg_catalog.setval('public.cargos_id_seq', 11, true);


--
-- Name: empleado_eventos_id_seq; Type: SEQUENCE SET; Schema: public; Owner: postgres
--

SELECT pg_catalog.setval('public.empleado_eventos_id_seq', 38, true);


--
-- Name: empleado_grupos_id_seq; Type: SEQUENCE SET; Schema: public; Owner: postgres
--

SELECT pg_catalog.setval('public.empleado_grupos_id_seq', 7, true);


--
-- Name: empleado_horario_id_seq; Type: SEQUENCE SET; Schema: public; Owner: postgres
--

SELECT pg_catalog.setval('public.empleado_horario_id_seq', 2, true);


--
-- Name: empleados_id_seq; Type: SEQUENCE SET; Schema: public; Owner: postgres
--

SELECT pg_catalog.setval('public.empleados_id_seq', 25, true);


--
-- Name: eventos_id_seq; Type: SEQUENCE SET; Schema: public; Owner: postgres
--

SELECT pg_catalog.setval('public.eventos_id_seq', 19, true);


--
-- Name: grupos_id_seq; Type: SEQUENCE SET; Schema: public; Owner: postgres
--

SELECT pg_catalog.setval('public.grupos_id_seq', 4, true);


--
-- Name: horarios_id_seq; Type: SEQUENCE SET; Schema: public; Owner: postgres
--

SELECT pg_catalog.setval('public.horarios_id_seq', 6, true);


--
-- Name: lugares_id_seq; Type: SEQUENCE SET; Schema: public; Owner: postgres
--

SELECT pg_catalog.setval('public.lugares_id_seq', 5, true);


--
-- Name: notificacion_empleado_id_seq; Type: SEQUENCE SET; Schema: public; Owner: postgres
--

SELECT pg_catalog.setval('public.notificacion_empleado_id_seq', 94, true);


--
-- Name: notificaciones_id_seq; Type: SEQUENCE SET; Schema: public; Owner: postgres
--

SELECT pg_catalog.setval('public.notificaciones_id_seq', 91, true);


--
-- Name: roles_id_seq; Type: SEQUENCE SET; Schema: public; Owner: postgres
--

SELECT pg_catalog.setval('public.roles_id_seq', 10, true);


--
-- Name: horarios Horarios_pkey; Type: CONSTRAINT; Schema: public; Owner: postgres
--

ALTER TABLE ONLY public.horarios
    ADD CONSTRAINT "Horarios_pkey" PRIMARY KEY (id);


--
-- Name: asistencia asistencia_pkey; Type: CONSTRAINT; Schema: public; Owner: postgres
--

ALTER TABLE ONLY public.asistencia
    ADD CONSTRAINT asistencia_pkey PRIMARY KEY (id);


--
-- Name: cargos cargos_pkey; Type: CONSTRAINT; Schema: public; Owner: postgres
--

ALTER TABLE ONLY public.cargos
    ADD CONSTRAINT cargos_pkey PRIMARY KEY (id);


--
-- Name: empleado_eventos empleado_eventos_pkey; Type: CONSTRAINT; Schema: public; Owner: postgres
--

ALTER TABLE ONLY public.empleado_eventos
    ADD CONSTRAINT empleado_eventos_pkey PRIMARY KEY (id);


--
-- Name: empleado_horario empleado_horario_pkey; Type: CONSTRAINT; Schema: public; Owner: postgres
--

ALTER TABLE ONLY public.empleado_horario
    ADD CONSTRAINT empleado_horario_pkey PRIMARY KEY (id);


--
-- Name: empleados empleados_pkey; Type: CONSTRAINT; Schema: public; Owner: postgres
--

ALTER TABLE ONLY public.empleados
    ADD CONSTRAINT empleados_pkey PRIMARY KEY (id);


--
-- Name: eventos eventos_pkey; Type: CONSTRAINT; Schema: public; Owner: postgres
--

ALTER TABLE ONLY public.eventos
    ADD CONSTRAINT eventos_pkey PRIMARY KEY (id);


--
-- Name: grupos grupos_pkey; Type: CONSTRAINT; Schema: public; Owner: postgres
--

ALTER TABLE ONLY public.grupos
    ADD CONSTRAINT grupos_pkey PRIMARY KEY (id);


--
-- Name: lugares lugares_pkey; Type: CONSTRAINT; Schema: public; Owner: postgres
--

ALTER TABLE ONLY public.lugares
    ADD CONSTRAINT lugares_pkey PRIMARY KEY (id);


--
-- Name: notificacion_empleado notificacion_empleado_pkey; Type: CONSTRAINT; Schema: public; Owner: postgres
--

ALTER TABLE ONLY public.notificacion_empleado
    ADD CONSTRAINT notificacion_empleado_pkey PRIMARY KEY (id);


--
-- Name: notificaciones notificaciones_pkey; Type: CONSTRAINT; Schema: public; Owner: postgres
--

ALTER TABLE ONLY public.notificaciones
    ADD CONSTRAINT notificaciones_pkey PRIMARY KEY (id);


--
-- Name: empleado_grupos pkGrupoEmpleado; Type: CONSTRAINT; Schema: public; Owner: postgres
--

ALTER TABLE ONLY public.empleado_grupos
    ADD CONSTRAINT "pkGrupoEmpleado" PRIMARY KEY (id);


--
-- Name: roles roles_pkey; Type: CONSTRAINT; Schema: public; Owner: postgres
--

ALTER TABLE ONLY public.roles
    ADD CONSTRAINT roles_pkey PRIMARY KEY (id);


--
-- Name: asistencia asistencia_horario_id_fkey; Type: FK CONSTRAINT; Schema: public; Owner: postgres
--

ALTER TABLE ONLY public.asistencia
    ADD CONSTRAINT asistencia_horario_id_fkey FOREIGN KEY (horario_id) REFERENCES public.horarios(id);


--
-- Name: asistencia fk_asistencia_empleado; Type: FK CONSTRAINT; Schema: public; Owner: postgres
--

ALTER TABLE ONLY public.asistencia
    ADD CONSTRAINT fk_asistencia_empleado FOREIGN KEY (empleado_id) REFERENCES public.empleados(id);


--
-- Name: asistencia fk_asistencia_empleado_evento; Type: FK CONSTRAINT; Schema: public; Owner: postgres
--

ALTER TABLE ONLY public.asistencia
    ADD CONSTRAINT fk_asistencia_empleado_evento FOREIGN KEY (empleado_evento_id) REFERENCES public.empleado_eventos(id);


--
-- Name: asistencia fk_asistencia_evento; Type: FK CONSTRAINT; Schema: public; Owner: postgres
--

ALTER TABLE ONLY public.asistencia
    ADD CONSTRAINT fk_asistencia_evento FOREIGN KEY (eventos_id) REFERENCES public.eventos(id);


--
-- Name: empleados fk_empleado_cargo; Type: FK CONSTRAINT; Schema: public; Owner: postgres
--

ALTER TABLE ONLY public.empleados
    ADD CONSTRAINT fk_empleado_cargo FOREIGN KEY (cargo_id) REFERENCES public.cargos(id);


--
-- Name: empleado_horario fk_empleado_empleado_horario; Type: FK CONSTRAINT; Schema: public; Owner: postgres
--

ALTER TABLE ONLY public.empleado_horario
    ADD CONSTRAINT fk_empleado_empleado_horario FOREIGN KEY (empleado_id) REFERENCES public.empleados(id) NOT VALID;


--
-- Name: empleado_eventos fk_empleado_evento_empleado; Type: FK CONSTRAINT; Schema: public; Owner: postgres
--

ALTER TABLE ONLY public.empleado_eventos
    ADD CONSTRAINT fk_empleado_evento_empleado FOREIGN KEY (empleado_id) REFERENCES public.empleados(id);


--
-- Name: empleado_eventos fk_empleado_evento_evento; Type: FK CONSTRAINT; Schema: public; Owner: postgres
--

ALTER TABLE ONLY public.empleado_eventos
    ADD CONSTRAINT fk_empleado_evento_evento FOREIGN KEY (evento_id) REFERENCES public.eventos(id);


--
-- Name: empleado_grupos fk_empleado_id; Type: FK CONSTRAINT; Schema: public; Owner: postgres
--

ALTER TABLE ONLY public.empleado_grupos
    ADD CONSTRAINT fk_empleado_id FOREIGN KEY (empleado_id) REFERENCES public.empleados(id) NOT VALID;


--
-- Name: empleados fk_empleado_rol; Type: FK CONSTRAINT; Schema: public; Owner: postgres
--

ALTER TABLE ONLY public.empleados
    ADD CONSTRAINT fk_empleado_rol FOREIGN KEY (rol_id) REFERENCES public.roles(id);


--
-- Name: eventos fk_evento_lugar; Type: FK CONSTRAINT; Schema: public; Owner: postgres
--

ALTER TABLE ONLY public.eventos
    ADD CONSTRAINT fk_evento_lugar FOREIGN KEY (lugar_id) REFERENCES public.lugares(id);


--
-- Name: empleado_grupos fk_grupo_id; Type: FK CONSTRAINT; Schema: public; Owner: postgres
--

ALTER TABLE ONLY public.empleado_grupos
    ADD CONSTRAINT fk_grupo_id FOREIGN KEY (grupo_id) REFERENCES public.grupos(id) NOT VALID;


--
-- Name: empleado_horario fk_horario_empleado_horario; Type: FK CONSTRAINT; Schema: public; Owner: postgres
--

ALTER TABLE ONLY public.empleado_horario
    ADD CONSTRAINT fk_horario_empleado_horario FOREIGN KEY (horario_id) REFERENCES public.horarios(id) NOT VALID;


--
-- Name: notificacion_empleado fk_notif_empleado; Type: FK CONSTRAINT; Schema: public; Owner: postgres
--

ALTER TABLE ONLY public.notificacion_empleado
    ADD CONSTRAINT fk_notif_empleado FOREIGN KEY (empleado_id) REFERENCES public.empleados(id);


--
-- Name: notificacion_empleado fk_notif_notificacion; Type: FK CONSTRAINT; Schema: public; Owner: postgres
--

ALTER TABLE ONLY public.notificacion_empleado
    ADD CONSTRAINT fk_notif_notificacion FOREIGN KEY (notificacion_id) REFERENCES public.notificaciones(id);


--
-- PostgreSQL database dump complete
--

\unrestrict pL0iJMNwQ55IVaGKv0ERffhdsf3aq3MlII7SIZgwfxC2d5DpleWPc0zL6gVxMLH

